flyasgermanwings,bc384491-4cf7-4185-be07-9bdb5a8310d4
fcsmc07,dba0f5e9-a061-427b-b2fb-57d464b8388e
hajime2009,13e123d8-9422-43a4-b39a-75a38a0d5271
universnote,1e1c92b4-87af-4f05-86ae-1cf7ba5b9230
brauneva,f8d6cd2c-1a89-424b-874e-892efb51d77d
yokkon_kun,ef875396-1d4d-4f90-99d5-e34d85fd3e9d
yoshiaki2010,9de38796-7515-411c-a5a4-36d753c6f831
umi0925,8d0a5fb8-cd35-44df-9608-53fa438e92cc
1001kenta,37b4a5b0-dd55-4173-a3e3-0b191bb836ec
denkumo,ae8a450b-5b0d-4710-bed9-280c948ea8e6
tsubochandayo,d06e5355-9ee4-4d57-9b9a-eebc4441f09a
8x9guest02,a741ff17-c82d-3dd0-a31e-e54d1e87032e
8x9guest01,3dff8c4b-bcd9-3647-beaa-69e56b446cb3
lilliiliiillilli,424f6ddb-a2bb-4173-8367-7b85e75fba5a
sutyibu,87e19d5b-f17a-4106-a359-9e4b88fdf828
len_len100,1ced098e-87bd-4e6e-a90b-12d5ef35fd3f
kinoko1030,e820f933-394a-4aca-a0f1-2965ac48abd3
sou_pon,dea7ee82-e607-4015-a2e8-040233b9d35a
taisei_o,b6f7e216-ff48-4983-9c30-e3fd5a625437
usapyon2010,4fc5fe5d-b059-4e73-a404-68ae3c77861e
fcsmc01,5d528bf9-a384-47d9-a23f-31245625935c
crazyflamy,cded8e81-7a3a-4474-9239-6660883e1907
kensuu,774804d1-8d60-458b-ba03-4c73b3b495fc
utti_dayo,fec3f7dd-64ea-4de3-b2e0-148cafb616dc
csawada,1b760195-6dcc-4bc2-8a4b-f5acad42e5e2
blazeland777,45dc4b66-6660-412a-b7a8-b034a87fddea
denwatokei,63dc8c79-6739-4379-97fe-695c9091e035
yokmama,63cbd9e5-93a8-4816-9d47-d42a283812ce
yumat_88,60d79ab1-06b2-458f-89c7-e0d6de892c0e
nemesis5643,2d0ef428-0562-44c9-a37e-ca5ae7f9e8b9
diamond_0607,a603509c-1355-4ac7-a94a-39870068308b
miyacarpenter77,14b04968-2861-45d0-a29f-23e090130435
syobonoon,edc141de-07a1-4b64-94bb-ba5babc796ca
nemesis62543,2d0ef428-0562-44c9-a37e-ca5ae7f9e8b9
pdiamand,acd901b5-3a44-4cfc-9a13-af7c0cc0f58f
yutoguma,0338b71c-458c-4f3f-a2ab-494b76542c9c
